<?xml version="1.0" encoding="UTF-8"?>
<export version="E">
  <design>
    <source>C:\Users\subcr\OneDrive\Documentos\KiCad\Proyectos\Tarjeta_QSPI_PSRAM\ATLAS_QSPI_PSRAM\ATLAS_QSPI_PSRAM.kicad_sch</source>
    <date>18/04/2023 11:14:19</date>
    <tool>Eeschema (6.0.10)</tool>
    <sheet number="1" name="/" tstamps="/">
      <title_block>
        <title/>
        <company/>
        <rev/>
        <date/>
        <source>ATLAS_QSPI_PSRAM.kicad_sch</source>
        <comment number="1" value=""/>
        <comment number="2" value=""/>
        <comment number="3" value=""/>
        <comment number="4" value=""/>
        <comment number="5" value=""/>
        <comment number="6" value=""/>
        <comment number="7" value=""/>
        <comment number="8" value=""/>
        <comment number="9" value=""/>
      </title_block>
    </sheet>
  </design>
  <components>
    <comp ref="J1">
      <value>SD_Card</value>
      <footprint>Library_SD_FULL_FORMAT:SD_FULL_FORMAT</footprint>
      <datasheet>http://portal.fciconnect.com/Comergent//fci/drawing/10067847.pdf</datasheet>
      <libsource lib="SímboloSD_QSPI_PSRAM" part="SD_Card" description="SD Card Reader"/>
      <property name="Sheetname" value=""/>
      <property name="Sheetfile" value="ATLAS_QSPI_PSRAM.kicad_sch"/>
      <sheetpath names="/" tstamps="/"/>
      <tstamps>7a91d506-acc6-466e-9c2d-e5667a0f3d24</tstamps>
    </comp>
    <comp ref="J2">
      <value>Micro_SD_Card_Det</value>
      <datasheet>https://www.hirose.com/product/en/download_file/key_name/DM3/category/Catalog/doc_file_id/49662/?file_category_id=4&amp;item_id=195&amp;is_series=1</datasheet>
      <libsource lib="Connector" part="Micro_SD_Card_Det" description="Micro SD Card Socket with card detection pins"/>
      <property name="Sheetname" value=""/>
      <property name="Sheetfile" value="ATLAS_QSPI_PSRAM.kicad_sch"/>
      <sheetpath names="/" tstamps="/"/>
      <tstamps>ede80854-1d84-42fe-b912-8f23c21088a5</tstamps>
    </comp>
    <comp ref="U1">
      <value>W25M512JVEIQ TR</value>
      <footprint>Package_SON:WSON-8-1EP_6x5mm_P1.27mm_EP3.4x4mm</footprint>
      <datasheet>https://www.mouser.es/datasheet/2/949/w25m512jv_revd_09052017-1489569.pdf</datasheet>
      <libsource lib="Memory_Flash" part="MX25R3235FZNxx0" description="32-Mbit, Wide Range Voltage SPI Serial Flash Memory, WSON-8"/>
      <property name="Sheetname" value=""/>
      <property name="Sheetfile" value="ATLAS_QSPI_PSRAM.kicad_sch"/>
      <sheetpath names="/" tstamps="/"/>
      <tstamps>b4706680-44b3-4ccd-9d25-289d6d1cf6a8</tstamps>
    </comp>
  </components>
  <libparts>
    <libpart lib="Connector" part="Micro_SD_Card_Det">
      <description>Micro SD Card Socket with card detection pins</description>
      <docs>https://www.hirose.com/product/en/download_file/key_name/DM3/category/Catalog/doc_file_id/49662/?file_category_id=4&amp;item_id=195&amp;is_series=1</docs>
      <footprints>
        <fp>microSD*</fp>
      </footprints>
      <fields>
        <field name="Reference">J</field>
        <field name="Value">Micro_SD_Card_Det</field>
        <field name="Datasheet">https://www.hirose.com/product/en/download_file/key_name/DM3/category/Catalog/doc_file_id/49662/?file_category_id=4&amp;item_id=195&amp;is_series=1</field>
      </fields>
      <pins>
        <pin num="1" name="DAT2" type="bidirectional"/>
        <pin num="2" name="DAT3/CD" type="bidirectional"/>
        <pin num="3" name="CMD" type="input"/>
        <pin num="4" name="VDD" type="power_in"/>
        <pin num="5" name="CLK" type="input"/>
        <pin num="6" name="VSS" type="power_in"/>
        <pin num="7" name="DAT0" type="bidirectional"/>
        <pin num="8" name="DAT1" type="bidirectional"/>
        <pin num="9" name="DET_B" type="passive"/>
        <pin num="10" name="DET_A" type="passive"/>
        <pin num="11" name="SHIELD" type="passive"/>
      </pins>
    </libpart>
    <libpart lib="Memory_Flash" part="MX25R3235FZNxx0">
      <description>32-Mbit, Wide Range Voltage SPI Serial Flash Memory, WSON-8</description>
      <docs>http://www.macronix.com/Lists/Datasheet/Attachments/7534/MX25R3235F,%20Wide%20Range,%2032Mb,%20v1.6.pdf</docs>
      <footprints>
        <fp>WSON*1EP*6x5mm*P1.27mm*</fp>
      </footprints>
      <fields>
        <field name="Reference">U</field>
        <field name="Value">MX25R3235FZNxx0</field>
        <field name="Footprint">Package_SON:WSON-8-1EP_6x5mm_P1.27mm_EP3.4x4mm</field>
        <field name="Datasheet">http://www.macronix.com/Lists/Datasheet/Attachments/7534/MX25R3235F,%20Wide%20Range,%2032Mb,%20v1.6.pdf</field>
      </fields>
      <pins>
        <pin num="1" name="~{CS}" type="input"/>
        <pin num="2" name="SO/SIO1" type="bidirectional"/>
        <pin num="3" name="~{WP}/SIO2" type="bidirectional"/>
        <pin num="4" name="GND" type="power_in"/>
        <pin num="5" name="SI/SIO0" type="bidirectional"/>
        <pin num="6" name="SCLK" type="input"/>
        <pin num="7" name="~{RESET}/SIO3" type="bidirectional"/>
        <pin num="8" name="VCC" type="power_in"/>
        <pin num="9" name="GND" type="passive"/>
      </pins>
    </libpart>
    <libpart lib="SímboloSD_QSPI_PSRAM" part="SD_Card">
      <description>SD Card Reader</description>
      <docs>http://portal.fciconnect.com/Comergent//fci/drawing/10067847.pdf</docs>
      <footprints>
        <fp>SD*</fp>
      </footprints>
      <fields>
        <field name="Reference">J</field>
        <field name="Value">SD_Card</field>
        <field name="Datasheet">http://portal.fciconnect.com/Comergent//fci/drawing/10067847.pdf</field>
      </fields>
      <pins>
        <pin num="1" name="CD/DAT3" type="input"/>
        <pin num="2" name="CMD" type="input"/>
        <pin num="3" name="VSS" type="power_in"/>
        <pin num="4" name="VDD" type="power_in"/>
        <pin num="5" name="CLK" type="input"/>
        <pin num="6" name="VSS" type="power_in"/>
        <pin num="7" name="DAT0" type="input"/>
        <pin num="8" name="DAT1" type="input"/>
        <pin num="9" name="DAT2" type="input"/>
        <pin num="10" name="CARD_DETECT" type="input"/>
        <pin num="11" name="WRITE_PROTECT" type="input"/>
        <pin num="12" name="SHELL1" type="input"/>
        <pin num="13" name="SHELL2" type="input"/>
      </pins>
    </libpart>
  </libparts>
  <libraries>
    <library logical="Connector">
      <uri>C:\Program Files\KiCad\6.0\share\kicad\symbols\/Connector.kicad_sym</uri>
    </library>
    <library logical="Memory_Flash">
      <uri>C:\Program Files\KiCad\6.0\share\kicad\symbols\/Memory_Flash.kicad_sym</uri>
    </library>
    <library logical="SímboloSD_QSPI_PSRAM">
      <uri>C:\Users\subcr\OneDrive\Documentos\KiCad\Proyectos\Tarjeta_QSPI_PSRAM\ATLAS_QSPI_PSRAM/SímboloSD_QSPI_PSRAM.kicad_sym</uri>
    </library>
  </libraries>
  <nets>
    <net code="1" name="+3.3V">
      <node ref="J1" pin="4" pinfunction="VDD" pintype="power_in"/>
      <node ref="J2" pin="4" pinfunction="VDD" pintype="power_in"/>
      <node ref="U1" pin="8" pinfunction="VCC" pintype="power_in"/>
    </net>
    <net code="2" name="CLK">
      <node ref="J1" pin="5" pinfunction="CLK" pintype="input"/>
      <node ref="J2" pin="5" pinfunction="CLK" pintype="input"/>
      <node ref="U1" pin="6" pinfunction="SCLK" pintype="input"/>
    </net>
    <net code="3" name="CMD">
      <node ref="J1" pin="2" pinfunction="CMD" pintype="input"/>
      <node ref="J2" pin="3" pinfunction="CMD" pintype="input"/>
    </net>
    <net code="4" name="CS_MEMORY">
      <node ref="U1" pin="1" pinfunction="~{CS}" pintype="input"/>
    </net>
    <net code="5" name="CS_MicroSD">
      <node ref="J2" pin="10" pinfunction="DET_A" pintype="passive"/>
      <node ref="J2" pin="9" pinfunction="DET_B" pintype="passive"/>
    </net>
    <net code="6" name="DAT0">
      <node ref="J1" pin="7" pinfunction="DAT0" pintype="input"/>
      <node ref="J2" pin="7" pinfunction="DAT0" pintype="bidirectional"/>
      <node ref="U1" pin="5" pinfunction="SI/SIO0" pintype="bidirectional"/>
    </net>
    <net code="7" name="DAT1">
      <node ref="J1" pin="8" pinfunction="DAT1" pintype="input"/>
      <node ref="J2" pin="8" pinfunction="DAT1" pintype="bidirectional"/>
      <node ref="U1" pin="2" pinfunction="SO/SIO1" pintype="bidirectional"/>
    </net>
    <net code="8" name="DAT2">
      <node ref="J1" pin="9" pinfunction="DAT2" pintype="input"/>
      <node ref="J2" pin="1" pinfunction="DAT2" pintype="bidirectional"/>
      <node ref="U1" pin="3" pinfunction="~{WP}/SIO2" pintype="bidirectional"/>
    </net>
    <net code="9" name="DAT3">
      <node ref="J1" pin="1" pinfunction="CD/DAT3" pintype="input"/>
      <node ref="J2" pin="2" pinfunction="DAT3/CD" pintype="bidirectional"/>
      <node ref="U1" pin="7" pinfunction="~{RESET}/SIO3" pintype="bidirectional"/>
    </net>
    <net code="10" name="GND">
      <node ref="J1" pin="3" pinfunction="VSS" pintype="power_in"/>
      <node ref="J1" pin="6" pinfunction="VSS" pintype="power_in"/>
      <node ref="J2" pin="6" pinfunction="VSS" pintype="power_in"/>
      <node ref="U1" pin="4" pinfunction="GND" pintype="power_in"/>
      <node ref="U1" pin="9" pinfunction="GND" pintype="passive"/>
    </net>
    <net code="11" name="unconnected-(J1-Pad10)">
      <node ref="J1" pin="10" pinfunction="CARD_DETECT" pintype="input"/>
    </net>
    <net code="12" name="unconnected-(J1-Pad11)">
      <node ref="J1" pin="11" pinfunction="WRITE_PROTECT" pintype="input"/>
    </net>
    <net code="13" name="unconnected-(J1-Pad12)">
      <node ref="J1" pin="12" pinfunction="SHELL1" pintype="input"/>
    </net>
    <net code="14" name="unconnected-(J1-Pad13)">
      <node ref="J1" pin="13" pinfunction="SHELL2" pintype="input"/>
    </net>
    <net code="15" name="unconnected-(J2-Pad11)">
      <node ref="J2" pin="11" pinfunction="SHIELD" pintype="passive"/>
    </net>
  </nets>
</export>
